<step title="Incoming Request" date="2026-01-07T15:37:49.060" instance="01f968" url="/api/zipdeploy?isAsync=true" method="POST" type="request" pid="770,1,7" Accept="*/*" Host="studioos-api.scm.azurewebsites.net" User-Agent="AZURECLI/2.47.0 (MSI)" Accept-Encoding="gzip, deflate" Authorization="Bas..." Cache-Control="no-cache" Content-Type="application/octet-stream" Content-Length="403423" x-ms-client-request-id="c7e67083-ebde-11f0-afc0-00224894b255" X-ARR-LOG-ID="c7e67083-ebde-11f0-afc0-00224894b255" CLIENT-IP="13.70.96.91:60361" X-SITE-DEPLOYMENT-ID="studioos-api" WAS-DEFAULT-HOSTNAME="studioos-api.scm.azurewebsites.net" X-Forwarded-Proto="https" X-AppService-Proto="https" X-Forwarded-TlsVersion="1.3" X-WAWS-Unencoded-URL="/api/zipdeploy?isAsync=true" X-Client-IP="13.70.96.91" X-Client-Port="60361" >
  <step title="Cleanup Xml Logs" date="2026-01-07T15:37:49.064" /><!-- duration: 9ms -->
  <step title="ZipPushDeploy" date="2026-01-07T15:37:49.914" >
    <step title="ZipDeploy. Extract zip. Remote build." date="2026-01-07T15:37:49.932" /><!-- duration: 5ms -->
    <step title="None repository commit" date="2026-01-07T15:37:49.957" >
      <step title="Commit id: a493a940-b34d-40ec-92bd-c478c8b9e2ad" date="2026-01-07T15:37:49.962" Message="N/A" AuthorName="N/A" AuthorEmail="N/A" /><!-- duration: 4ms -->
    </step><!-- duration: 13ms -->
    <step title="Starting PushDeployAsync" date="2026-01-07T15:37:49.976" /><!-- duration: 5ms -->
    <step title="Writing artifact to /tmp/zipdeploy/03ba9f66-9c32-4a07-b1c8-ae7c61985881.zip" date="2026-01-07T15:37:50.002" >
      <step title="Writing multipart request body to /tmp/zipdeploy/03ba9f66-9c32-4a07-b1c8-ae7c61985881.zip" date="2026-01-07T15:37:50.009" /><!-- duration: 21ms -->
    </step><!-- duration: 230ms -->
    <step title="Removing previous build artifact&apos;s manifest file" date="2026-01-07T15:37:50.261" >
      <step title="Start deployment in the background" date="2026-01-07T15:37:50.284" >
        <step title="Acquiring Deployment Lock" date="2026-01-07T15:37:50.332" /><!-- duration: 9ms -->
        <step title="Acquired Deployment Lock" date="2026-01-07T15:37:50.392" /><!-- duration: 4ms -->
      </step><!-- duration: 218ms -->
    </step><!-- duration: 250ms -->
    <step title="Outgoing response" date="2026-01-07T15:37:50.533" type="response" statusCode="202" statusText="Accepted" /><!-- duration: 9ms -->
  </step><!-- duration: 638ms -->
