<step title="BackgroundTrace" date="2026-01-09T08:30:14.877" instance="01f968" url="/api/zipdeploy" method="POST" >
  <step title="Cleanup Xml Logs" date="2026-01-09T08:30:14.888" /><!-- duration: 34ms -->
  <step title="Creating temporary deployment - FetchDeploymentManager" date="2026-01-09T08:30:15.430" /><!-- duration: 38ms -->
  <step title="Creating temporary deployment" date="2026-01-09T08:30:15.506" /><!-- duration: 301ms -->
  <step title="Performing fetch based deployment" date="2026-01-09T08:30:16.479" >
    <step title="Cleaning up temp folders from previous zip deployments and extracting pushed zip file /tmp/zipdeploy/ba5aae29-ffb9-4ec4-91d8-1939d51bea10.zip (0.42 MB) to /tmp/zipdeploy/extracted" date="2026-01-09T08:30:17.968" >
      <step title="ChmodRecursive Process exited with total time taken in ms: 149" date="2026-01-09T08:30:18.772" /><!-- duration: 18ms -->
    </step><!-- duration: 854ms -->
    <step title="Deployment timer started" date="2026-01-09T08:30:21.327" >
      <step title="DeploymentManager.Deploy(id:2f4d55ad-8372-46e6-8851-d60072614857)" date="2026-01-09T08:30:21.445" >
        <step title="Collecting changeset information" date="2026-01-09T08:30:21.581" /><!-- duration: 419ms -->
        <step title="Updating submodules" date="2026-01-09T08:30:22.050" /><!-- duration: 1400ms -->
        <step title="Determining deployment builder" date="2026-01-09T08:30:24.157" >
          <step title="Builder is OryxBuilder" date="2026-01-09T08:30:24.267" /><!-- duration: 51ms -->
        </step><!-- duration: 192ms -->
        <step title="PreDeployment: context.CleanOutputPath False" date="2026-01-09T08:30:24.577" >
          <step title="PreDeployment: context.OutputPath /home/site/wwwroot" date="2026-01-09T08:30:24.855" >
            <step title="Building" date="2026-01-09T08:30:25.253" >
              <step title="Executing external process" date="2026-01-09T08:30:26.628" type="process" path="bash" arguments="-c &quot;oryx build /tmp/zipdeploy/extracted -o /home/site/wwwroot --platform python --platform-version 3.11 -p virtualenv_name=antenv --log-file /tmp/build-debug.log  -i /tmp/8de4f5955d7b76e --compress-destination-dir | tee /tmp/oryx-build.log ; exit $PIPESTATUS &quot;" 