﻿<?xml version="1.0" encoding="utf-8"?>
<deployment>
  <id>a493a940-b34d-40ec-92bd-c478c8b9e2ad</id>
  <author>N/A</author>
  <deployer>Push-Deployer</deployer>
  <authorEmail>N/A</authorEmail>
  <message>Created via a push deployment</message>
  <progress></progress>
  <status>Success</status>
  <statusText></statusText>
  <lastSuccessEndTime>2026-01-07T15:41:42.6689565Z</lastSuccessEndTime>
  <receivedTime>2026-01-07T15:37:54.2813496Z</receivedTime>
  <startTime>2026-01-07T15:37:55.6825273Z</startTime>
  <endTime>2026-01-07T15:41:42.6689565Z</endTime>
  <complete>True</complete>
  <is_temp>False</is_temp>
  <is_readonly>True</is_readonly>
  <buildSummary />
</deployment>