<step title="Incoming Request" date="2026-01-07T14:53:10.784" instance="01f968" url="/deploy?scmType=ExternalGit&amp;isAsync=true" method="POST" type="request" pid="770,1,5" Host="studioos-api.scm.azurewebsites.net" User-Agent="Azure-WebSites-Controller/106.0.7.121" Authorization="Bas..." Expect="100-continue" Content-Length="83" x-ms-request-id="f26d4f55-16db-482d-abc8-9326acc75df0" X-ARR-LOG-ID="f26d4f55-16db-482d-abc8-9326acc75df0" CLIENT-IP="20.192.171.3:17920" X-SITE-DEPLOYMENT-ID="studioos-api" WAS-DEFAULT-HOSTNAME="studioos-api.scm.azurewebsites.net" X-MS-PLATFORM-INTERNAL="True" X-Forwarded-Proto="https" X-AppService-Proto="https" X-Forwarded-TlsVersion="1.3" X-WAWS-Unencoded-URL="/deploy?scmType=ExternalGit&amp;isAsync=true" X-Client-IP="20.192.171.3" X-Client-Port="17920" >
  <step title="FetchHandler" date="2026-01-07T14:53:10.869" >
    <step title="GitExeRepository.Initialize" date="2026-01-07T14:53:10.974" >
      <step title="Executing external process" date="2026-01-07T14:53:10.984" type="process" path="git" arguments="init" /><!-- duration: 301ms -->
      <step title="Executing external process" date="2026-01-07T14:53:11.290" type="process" path="git" arguments="config core.autocrlf false" /><!-- duration: 31ms -->
      <step title="Executing external process" date="2026-01-07T14:53:11.325" type="process" path="git" arguments="config core.preloadindex true" /><!-- duration: 31ms -->
      <step title="Executing external process" date="2026-01-07T14:53:11.365" type="process" path="git" arguments="config user.name &quot;unknown&quot;" /><!-- duration: 34ms -->
      <step title="Executing external process" date="2026-01-07T14:53:11.404" type="process" path="git" arguments="config user.email &quot;unknown&quot;" /><!-- duration: 26ms -->
      <step title="Executing external process" date="2026-01-07T14:53:11.435" type="process" path="git" arguments="config filter.lfs.clean &quot;git-lfs clean %f&quot;" /><!-- duration: 28ms -->
      <step title="Executing external process" date="2026-01-07T14:53:11.468" type="process" path="git" arguments="config filter.lfs.smudge &quot;git-lfs smudge %f&quot;" /><!-- duration: 26ms -->
      <step title="Executing external process" date="2026-01-07T14:53:11.499" type="process" path="git" arguments="config filter.lfs.required true" /><!-- duration: 26ms -->
      <step title="Configure git server" date="2026-01-07T14:53:11.531" >
        <step title="Executing external process" date="2026-01-07T14:53:11.536" type="process" path="git" arguments="config receive.denyCurrentBranch ignore" /><!-- duration: 28ms -->
      </step><!-- duration: 38ms -->
      <step title="Create deny users for .git folder" date="2026-01-07T14:53:11.573" /><!-- duration: 35ms -->
      <step title="Configure git-credential" date="2026-01-07T14:53:11.615" >
        <step title="Executing external process" date="2026-01-07T14:53:11.652" type="process" path="git" arguments="config credential.helper &quot;!&apos;/home/site/repository/.git/hooks/git-credential-invalid.sh&apos;&quot;" /><!-- duration: 29ms -->
      </step><!-- duration: 86ms -->
      <step title="Setup post receive hook" date="2026-01-07T14:53:11.708" >
        <step title="Non-Windows enviroment, granting 755 permission to post-receive hook file" date="2026-01-07T14:53:11.733" /><!-- duration: 29ms -->
      </step><!-- duration: 58ms -->
    </step><!-- duration: 796ms -->
    <step title="Executing external process" date="2026-01-07T14:53:11.774" type="process" path="git" arguments="log -n 1 main --" >
      <step title="Process dump" date="2026-01-07T14:53:11.797" exitCode="128" type="processOutput" /><!-- duration: 6ms -->
    </step><!-- duration: 32ms -->
    <step title="Start deployment in the background" date="2026-01-07T14:53:11.812" >
      <step title="Executing external process" date="2026-01-07T14:53:11.844" type="process" path="git" arguments="rev-parse --git-dir" /><!-- duration: 22ms -->
      <step title="Executing external process" date="2026-01-07T14:53:11.873" type="process" path="git" arguments="rev-parse --git-dir" /><!-- duration: 20ms -->
      <step title="Executing external process" date="2026-01-07T14:53:11.899" type="process" path="git" arguments="log -n 1 main --" >
        <step title="Process dump" date="2026-01-07T14:53:11.923" exitCode="128" type="processOutput" /><!-- duration: 4ms -->
      </step><!-- duration: 32ms -->
      <step title="Acquiring Deployment Lock" date="2026-01-07T14:53:11.935" /><!-- duration: 4ms -->
      <step title="Acquired Deployment Lock" date="2026-01-07T14:53:11.989" /><!-- duration: 6ms -->
    </step><!-- duration: 298ms -->
  </step><!-- duration: 1247ms -->
  <step title="Outgoing response" date="2026-01-07T14:53:12.121" type="response" statusCode="202" statusText="Accepted" /><!-- duration: 4ms -->
</step><!-- duration: 1345ms -->
