<step title="Incoming Request" date="2026-01-09T08:39:26.026" instance="01f968" url="/api/zipdeploy?isAsync=true" method="POST" type="request" pid="768,1,5" Accept="*/*" Host="studioos-api.scm.azurewebsites.net" User-Agent="AZURECLI/2.47.0 (MSI)" Accept-Encoding="gzip, deflate" Authorization="Bas..." Cache-Control="no-cache" Content-Type="application/octet-stream" Content-Length="438250" x-ms-client-request-id="92dfca91-ed36-11f0-83ac-00224894b255" X-ARR-LOG-ID="92dfca91-ed36-11f0-83ac-00224894b255" CLIENT-IP="13.70.96.92:13147" X-SITE-DEPLOYMENT-ID="studioos-api" WAS-DEFAULT-HOSTNAME="studioos-api.scm.azurewebsites.net" X-Forwarded-Proto="https" X-AppService-Proto="https" X-Forwarded-TlsVersion="1.3" X-WAWS-Unencoded-URL="/api/zipdeploy?isAsync=true" X-Client-IP="13.70.96.92" X-Client-Port="13147" >
  <step title="ZipPushDeploy" date="2026-01-09T08:39:26.824" >
    <step title="ZipDeploy. Extract zip. Remote build." date="2026-01-09T08:39:26.863" /><!-- duration: 11ms -->
    <step title="None repository commit" date="2026-01-09T08:39:26.884" >
      <step title="Commit id: d20444c6-6b08-42e1-a8ee-561769a933dd" date="2026-01-09T08:39:26.892" Message="N/A" AuthorName="N/A" AuthorEmail="N/A" /><!-- duration: 4ms -->
    </step><!-- duration: 17ms -->
    <step title="Starting PushDeployAsync" date="2026-01-09T08:39:26.909" /><!-- duration: 7ms -->
    <step title="Writing artifact to /tmp/zipdeploy/7f342b01-45bb-4976-925b-3e071d8d205a.zip" date="2026-01-09T08:39:26.949" >
      <step title="Writing multipart request body to /tmp/zipdeploy/7f342b01-45bb-4976-925b-3e071d8d205a.zip" date="2026-01-09T08:39:26.956" /><!-- duration: 4ms -->
    </step><!-- duration: 115ms -->
    <step title="Start deployment in the background" date="2026-01-09T08:39:27.115" >
      <step title="Acquiring Deployment Lock" date="2026-01-09T08:39:27.152" /><!-- duration: 5ms -->
      <step title="Acquired Deployment Lock" date="2026-01-09T08:39:27.233" /><!-- duration: 4ms -->
    </step><!-- duration: 199ms -->
  </step><!-- duration: 500ms -->
  <step title="Outgoing response" date="2026-01-09T08:39:27.346" type="response" statusCode="202" statusText="Accepted" /><!-- duration: 10ms -->
</step><!-- duration: 1335ms -->
