﻿<?xml version="1.0" encoding="utf-8"?>
<deployment>
  <id>d20444c6-6b08-42e1-a8ee-561769a933dd</id>
  <author>N/A</author>
  <deployer>Push-Deployer</deployer>
  <authorEmail>N/A</authorEmail>
  <message>Created via a push deployment</message>
  <progress></progress>
  <status>Success</status>
  <statusText></statusText>
  <lastSuccessEndTime>2026-01-09T08:43:38.246427Z</lastSuccessEndTime>
  <receivedTime>2026-01-09T08:39:31.2333496Z</receivedTime>
  <startTime>2026-01-09T08:39:32.6479615Z</startTime>
  <endTime>2026-01-09T08:43:38.246427Z</endTime>
  <complete>True</complete>
  <is_temp>False</is_temp>
  <is_readonly>True</is_readonly>
  <buildSummary />
</deployment>