﻿<?xml version="1.0" encoding="utf-8"?>
<deployment>
  <id>b27e5b31-2df8-4209-8786-1b884fb8dfa3</id>
  <author>N/A</author>
  <deployer>OneDeploy</deployer>
  <authorEmail>N/A</authorEmail>
  <message>OneDeploy</message>
  <progress></progress>
  <status>Success</status>
  <statusText></statusText>
  <lastSuccessEndTime>2026-01-07T15:20:15.6996078Z</lastSuccessEndTime>
  <receivedTime>2026-01-07T15:15:43.1638601Z</receivedTime>
  <startTime>2026-01-07T15:15:44.635625Z</startTime>
  <endTime>2026-01-07T15:20:15.6996078Z</endTime>
  <complete>True</complete>
  <is_temp>False</is_temp>
  <is_readonly>True</is_readonly>
  <buildSummary />
</deployment>