<step title="Incoming Request" date="2026-01-07T15:14:30.991" instance="01f968" url="/api/scm" method="DELETE" type="request" pid="770,1,7" Host="studioos-api.scm.azurewebsites.net" User-Agent="Azure-WebSites-Controller/106.0.7.121" Authorization="Bas..." x-ms-request-id="01953e33-751e-447f-9ba0-3133873632cd" X-ARR-LOG-ID="01953e33-751e-447f-9ba0-3133873632cd" CLIENT-IP="20.192.171.3:24601" X-SITE-DEPLOYMENT-ID="studioos-api" WAS-DEFAULT-HOSTNAME="studioos-api.scm.azurewebsites.net" X-MS-PLATFORM-INTERNAL="True" X-Forwarded-Proto="https" X-AppService-Proto="https" X-Forwarded-TlsVersion="1.3" X-WAWS-Unencoded-URL="/api/scm" X-Client-IP="20.192.171.3" X-Client-Port="24601" >
  <step title="Acquiring Deployment Lock" date="2026-01-07T15:14:31.019" /><!-- duration: 7ms -->
  <step title="Acquired Deployment Lock" date="2026-01-07T15:14:31.095" /><!-- duration: 5ms -->
  <step title="Deleting repository" date="2026-01-07T15:14:31.105" /><!-- duration: 918ms -->
  <step title="Delete auto swap lock file" date="2026-01-07T15:14:32.030" /><!-- duration: 8ms -->
  <step title="Deleting ssh key" date="2026-01-07T15:14:32.042" /><!-- duration: 26ms -->
  <step title="Updating initial deployment manifest" date="2026-01-07T15:14:32.073" /><!-- duration: 62ms -->
  <step title="Deleting deployment cache" date="2026-01-07T15:14:32.139" /><!-- duration: 84ms -->
  <step title="Releasing Deployment Lock" date="2026-01-07T15:14:32.230" /><!-- duration: 4ms -->
  <step title="Outgoing response" date="2026-01-07T15:14:32.260" type="response" statusCode="200" statusText="OK" /><!-- duration: 18ms -->
</step><!-- duration: 1299ms -->
