<step title="Incoming Request" date="2026-01-09T08:27:52.471" instance="01f968" url="/api/zipdeploy?isAsync=true" method="POST" type="request" pid="768,1,5" Accept="*/*" Host="studioos-api.scm.azurewebsites.net" User-Agent="AZURECLI/2.47.0 (MSI)" Accept-Encoding="gzip, deflate" Authorization="Bas..." Cache-Control="no-cache" Content-Type="application/octet-stream" Content-Length="438250" x-ms-client-request-id="ece1d0ff-ed34-11f0-8176-00224894b255" X-ARR-LOG-ID="ece1d0ff-ed34-11f0-8176-00224894b255" CLIENT-IP="13.70.96.89:41753" X-SITE-DEPLOYMENT-ID="studioos-api" WAS-DEFAULT-HOSTNAME="studioos-api.scm.azurewebsites.net" X-Forwarded-Proto="https" X-AppService-Proto="https" X-Forwarded-TlsVersion="1.3" X-WAWS-Unencoded-URL="/api/zipdeploy?isAsync=true" X-Client-IP="13.70.96.89" X-Client-Port="41753" >
  <step title="Cleanup Xml Logs" date="2026-01-09T08:27:53.556" /><!-- duration: 209ms -->
  <step title="ZipPushDeploy" date="2026-01-09T08:28:08.796" >
    <step title="ZipDeploy. Extract zip. Remote build." date="2026-01-09T08:28:09.610" /><!-- duration: 52ms -->
    <step title="None repository commit" date="2026-01-09T08:28:10.787" >
      <step title="Commit id: 648182e8-b0ae-40c1-bc25-0aa606dcfca6" date="2026-01-09T08:28:10.868" Message="N/A" AuthorName="N/A" AuthorEmail="N/A" /><!-- duration: 71ms -->
    </step><!-- duration: 181ms -->
    <step title="Starting PushDeployAsync" date="2026-01-09T08:28:11.036" /><!-- duration: 48ms -->
    <step title="Writing artifact to /tmp/zipdeploy/7ea6a986-5783-4e1e-aa15-aaf8a8078a63.zip" date="2026-01-09T08:28:12.893" >
      <step title="Writing multipart request body to /tmp/zipdeploy/7ea6a986-5783-4e1e-aa15-aaf8a8078a63.zip" date="2026-01-09T08:28:13.208" /><!-- duration: 212ms -->
    </step><!-- duration: 2852ms -->
    <step title="Removing previous build artifact&apos;s manifest file" date="2026-01-09T08:28:16.146" >
      <step title="Start deployment in the background" date="2026-01-09T08:28:16.758" >
        <step title="Acquiring Deployment Lock" date="2026-01-09T08:28:18.465" /><!-- duration: 262ms -->
        <step title="Acquired Deployment Lock" date="2026-01-09T08:28:24.275" /><!-- duration: 330ms -->
      </step><!-- duration: 11583ms -->
    </step><!-- duration: 13106ms -->
    <step title="Outgoing response" date="2026-01-09T08:28:30.183" type="response" statusCode="202" statusText="Accepted" /><!-- duration: 66ms -->
  </step><!-- duration: 21493ms -->
