<step title="Incoming Request" date="2026-01-09T08:43:35.384" instance="01f968" url="/api/deployments/latest" method="GET" type="request" pid="768,1,24" Accept="*/*" Host="studioos-api.scm.azurewebsites.net" User-Agent="AZURECLI/2.47.0 (MSI)" Accept-Encoding="gzip, deflate" Authorization="Bas..." Cache-Control="no-cache" Content-Type="application/octet-stream" Content-Length="0" x-ms-client-request-id="92dfca91-ed36-11f0-83ac-00224894b255" X-ARR-LOG-ID="92dfca91-ed36-11f0-83ac-00224894b255" CLIENT-IP="13.70.96.92:56429" X-SITE-DEPLOYMENT-ID="studioos-api" WAS-DEFAULT-HOSTNAME="studioos-api.scm.azurewebsites.net" X-Forwarded-Proto="https" X-AppService-Proto="https" X-Forwarded-TlsVersion="1.3" X-WAWS-Unencoded-URL="/api/deployments/latest" X-Client-IP="13.70.96.92" X-Client-Port="56429" >
  <step title="Cleanup Xml Logs" date="2026-01-09T08:43:35.388" >
    <step title="Cleanup Infos" date="2026-01-09T08:43:35.426" totalFiles="200" totalCleanup="40" /><!-- duration: 13ms -->
  </step><!-- duration: 57ms -->
  <step title="DeploymentService.GetResult" date="2026-01-09T08:43:35.466" >
    <step title="DeploymentService.GetLatestDeployment" date="2026-01-09T08:43:35.472" >
      <step title="DeploymentManager.GetResults" date="2026-01-09T08:43:35.492" /><!-- duration: 1874ms -->
    </step><!-- duration: 1899ms -->
  </step><!-- duration: 1912ms -->
  <step title="Outgoing response" date="2026-01-09T08:43:37.382" type="response" statusCode="202" statusText="Accepted" /><!-- duration: 4ms -->
</step><!-- duration: 2006ms -->
